{"stats":{"minecraft:crafted":{"minecraft:crafting_table":1,"minecraft:spruce_planks":20,"minecraft:stick":8,"minecraft:stone_pickaxe":1,"minecraft:wooden_pickaxe":1},"minecraft:picked_up":{"minecraft:stick":1,"minecraft:spruce_log":5,"minecraft:snowball":23,"minecraft:dirt":19,"minecraft:cobblestone":3},"minecraft:custom":{"minecraft:time_since_rest":111,"minecraft:crouch_one_cm":423,"minecraft:play_time":9484,"minecraft:sprint_one_cm":13250,"minecraft:deaths":2,"minecraft:damage_taken":576,"minecraft:walk_one_cm":9475,"minecraft:sneak_time":285,"minecraft:jump":144,"minecraft:damage_dealt":170,"minecraft:leave_game":1,"minecraft:time_since_death":87,"minecraft:total_world_time":9484,"minecraft:interact_with_crafting_table":4,"minecraft:fall_one_cm":6254,"minecraft:fly_one_cm":18776},"minecraft:mined":{"minecraft:large_fern":2,"minecraft:short_grass":1,"minecraft:grass_block":1,"minecraft:dirt":5,"minecraft:spruce_leaves":4,"minecraft:spruce_log":5,"minecraft:stone":3,"minecraft:fern":1},"minecraft:used":{"minecraft:dirt":19,"minecraft:crafting_table":1,"minecraft:spruce_planks":1,"minecraft:wooden_pickaxe":10,"minecraft:snowball":23},"minecraft:killed_by":{"minecraft:skeleton":1,"minecraft:creeper":1}},"DataVersion":3953}